ID,"Usuario Carga","Fecha Inicio","Fecha Fin","Diferencia Segundos"
190,"Johan Arthuro Suarez Romero","2024-07-15 00:15:07-05","2024-07-15 00:15:20-05",13.00
191,"Johan Arthuro Suarez Romero","2024-07-15 00:28:02-05","2024-07-15 00:28:02-05",0.00
192,"Johan Arthuro Suarez Romero","2024-07-15 00:33:55-05","2024-07-15 00:33:55-05",0.00
193,"Johan Arthuro Suarez Romero","2024-07-15 00:34:07-05","2024-07-15 00:34:21-05",14.00
194,"Johan Arthuro Suarez Romero","2024-07-15 10:50:18-05","2024-07-15 10:50:38-05",20.00
195,"Johan Arthuro Suarez Romero","2024-07-15 10:52:00-05","2024-07-15 10:52:18-05",18.00
196,"Johan Arthuro Suarez Romero","2024-07-15 10:53:15-05","2024-07-15 10:53:34-05",19.00
197,"Johan Arthuro Suarez Romero","2024-07-16 09:55:17-05","2024-07-16 09:55:27-05",10.00
198,"Johan Arthuro Suarez Romero","2024-07-16 14:07:35-05","2024-07-16 14:07:42-05",7.00
